,id,place,speedrun_link,submitted_date,primary_time_seconds,real_time_seconds,player_id,player_name,player_country,platform,verified
0,y6wx5pqz,1,https://www.speedrun.com/sm64/runs/y6wx5pqz,2026-04-14T02:23:21Z,5725,5725,jn32931x,Suigi,Canada,N64,Yes
1,yv77ke4y,2,https://www.speedrun.com/sm64/runs/yv77ke4y,2025-08-15T03:07:38Z,5730,5730,j2ylqn68,Karin,Japan,N64,Yes
2,z00v01jz,2,https://www.speedrun.com/sm64/runs/z00v01jz,2025-09-16T15:59:21Z,5730,5730,,,,N64,No
3,mrw9k64y,4,https://www.speedrun.com/sm64/runs/mrw9k64y,2026-03-15T08:46:12Z,5755,5755,8wkzer38,Parsee02,Japan,N64,Yes
4,yvx4o46z,5,https://www.speedrun.com/sm64/runs/yvx4o46z,2024-07-07T17:33:13Z,5762,5762,kjprmwk8,Weegee,United States,N64,Yes
5,med87v3y,6,https://www.speedrun.com/sm64/runs/med87v3y,2026-03-01T04:56:16Z,5769,5769,v81ddq38,Smau,Finland,N64,Yes
6,ywoplnpm,7,https://www.speedrun.com/sm64/runs/ywoplnpm,2026-03-03T12:24:44Z,5787,5787,v814mkp8,cheese,Spain,N64,Yes
7,yv7jgrey,8,https://www.speedrun.com/sm64/runs/yv7jgrey,2025-05-01T21:52:00Z,5793,5793,1xyd46wx,Kally,United States,N64,Yes
8,yd4107xy,9,https://www.speedrun.com/sm64/runs/yd4107xy,2025-06-30T23:25:48Z,5807,5807,jo2mr9n8,marlene,,N64,Yes
9,yvxlr06z,10,https://www.speedrun.com/sm64/runs/yvxlr06z,2024-09-29T17:44:24Z,5826,5826,zx77v7rx,simply,United States,N64,Yes
10,menw6l0m,11,https://www.speedrun.com/sm64/runs/menw6l0m,2025-02-26T09:05:45Z,5827,5827,pj0zz298,BeastAssassin67,United States,N64,Yes
11,y2kedw7y,12,https://www.speedrun.com/sm64/runs/y2kedw7y,2023-11-23T15:29:50Z,5837,5837,kj9yz0wx,Liam,United States,N64,Yes
12,mrxxrldm,13,https://www.speedrun.com/sm64/runs/mrxxrldm,2024-10-06T18:08:39Z,5846,5846,48gev4rj,puncayshun,United States,N64,Yes
13,y8ld0rdm,14,https://www.speedrun.com/sm64/runs/y8ld0rdm,2026-03-26T20:24:12Z,5855,5855,kj9lkowj,batora,Japan,N64,Yes
14,mkrooovz,15,https://www.speedrun.com/sm64/runs/mkrooovz,2026-01-14T16:45:00Z,5858,5858,jmolpwo8,Raisn,Germany,EMU,Yes
15,zglxd1dm,16,https://www.speedrun.com/sm64/runs/zglxd1dm,2024-03-21T19:42:58Z,5875,5875,dx35192j,Dezanig,Brazil,N64,Yes
16,mrdjx2gz,16,https://www.speedrun.com/sm64/runs/mrdjx2gz,2025-04-23T01:50:46Z,5875,5875,8r7m4ldj,beeve,United States,N64,Yes
17,zqq6lg8z,18,https://www.speedrun.com/sm64/runs/zqq6lg8z,2024-07-16T04:54:08Z,5901,5901,jm3lqln8,Mauir,Chile,EMU,Yes
18,mewvv6qm,19,https://www.speedrun.com/sm64/runs/mewvv6qm,2024-02-12T11:54:55Z,5909,5909,kj92gmv8,Dowsky,United States,N64,Yes
19,m3v618dz,20,https://www.speedrun.com/sm64/runs/m3v618dz,2025-06-18T23:32:57Z,5923,5923,jmolpwo8,Raisn,Germany,N64,Yes
20,y22v547y,21,https://www.speedrun.com/sm64/runs/y22v547y,2024-03-20T11:39:31Z,5925,5925,7j40gpw8,cuas,,N64,Yes
21,mepjx8qy,22,https://www.speedrun.com/sm64/runs/mepjx8qy,2025-11-21T21:17:47Z,5932,5932,j0n10kw8,jaquarium,United States,N64,Yes
22,ylx9nl2y,23,https://www.speedrun.com/sm64/runs/ylx9nl2y,2024-07-14T06:13:12Z,5933,5933,e8e6edj0,GothicLogic,United Kingdom,N64,Yes
23,yj1660ny,24,https://www.speedrun.com/sm64/runs/yj1660ny,2021-01-30T17:28:58Z,5934,5934,qxk45r6j,hokorobi,Japan,N64,Yes
24,m3rw82gm,24,https://www.speedrun.com/sm64/runs/m3rw82gm,2021-06-26T23:42:27Z,5934,5934,zx76v0j7,Taggo,Sweden,N64,Yes
25,yj98g3nz,26,https://www.speedrun.com/sm64/runs/yj98g3nz,2024-09-09T20:39:22Z,5938,5938,18q3zwqj,Dekudude,England,N64,Yes
26,yo6l0jjy,27,https://www.speedrun.com/sm64/runs/yo6l0jjy,2021-09-24T14:00:24Z,5940,5940,98rp5e6j,Paracusia,Australia,N64,Yes
27,z0q6w0om,28,https://www.speedrun.com/sm64/runs/z0q6w0om,2024-08-06T07:09:33Z,5942,5942,8v5253yj,taciturn,United States,EMU,Yes
28,yoo9q01y,29,https://www.speedrun.com/sm64/runs/yoo9q01y,2023-10-19T19:03:35Z,5947,5947,zx7gnyx7,Dwhatever,Germany,N64,Yes
29,z0dqjvoy,30,https://www.speedrun.com/sm64/runs/z0dqjvoy,2024-05-21T17:40:43Z,5949,5949,qj2w3rpj,BlueBob,Canada,N64,Yes
30,zn5r368z,31,https://www.speedrun.com/sm64/runs/zn5r368z,2025-10-12T18:57:50Z,5951,5951,8lr0m1v8,Avatar,United States,N64,Yes
31,yj9ko9oz,32,https://www.speedrun.com/sm64/runs/yj9ko9oz,2024-07-14T21:05:50Z,5959,5959,j51q9668,RianDiCielo,Panama,VC,Yes
32,y9ek9jez,32,https://www.speedrun.com/sm64/runs/y9ek9jez,2025-07-19T17:38:00Z,5959,5959,xzld0398,ANYUJIN,Japan,N64,Yes
33,zxj8drky,34,https://www.speedrun.com/sm64/runs/zxj8drky,2025-02-03T14:01:35Z,5961,5961,jo3v1n0j,Sabxander,Romania,N64,Yes
34,yv520xem,35,https://www.speedrun.com/sm64/runs/yv520xem,2025-11-03T21:16:14Z,5962,5962,kjpqy9yx,Gainai,Germany,N64,Yes
35,me9gv8qz,36,https://www.speedrun.com/sm64/runs/me9gv8qz,2021-03-10T04:46:11Z,5968,5968,1xyl49zj,Nebula,Australia,EMU,Yes
36,mr0eee8m,37,https://www.speedrun.com/sm64/runs/mr0eee8m,2024-12-18T20:38:38Z,5971,5971,98rl4w38,HorrorDoesSpeedRuns,United States,N64,Yes
37,m738474y,38,https://www.speedrun.com/sm64/runs/m738474y,2023-10-21T00:33:54Z,5984,5984,1xyd46wx,Kally,United States,VC,Yes
38,m7e2xp9z,38,https://www.speedrun.com/sm64/runs/m7e2xp9z,2025-02-10T18:59:07Z,5984,5984,qjor2nj6,Odme_,United States,VC,Yes
39,y9e28w2z,40,https://www.speedrun.com/sm64/runs/y9e28w2z,2025-05-05T05:17:30Z,5986,5986,j5vgqlw8,crazywhw,United States,N64,Yes
40,zgdl76vz,41,https://www.speedrun.com/sm64/runs/zgdl76vz,2022-02-12T10:54:57Z,5991,5991,kjp9p28q,Sigotu,Poland,EMU,Yes
41,yvpqvdoy,41,https://www.speedrun.com/sm64/runs/yvpqvdoy,2023-06-23T01:30:46Z,5991,5991,j03z503j,Taki,Canada,N64,Yes
42,z5glw7jm,43,https://www.speedrun.com/sm64/runs/z5glw7jm,2024-10-15T02:00:08Z,5993,5993,qjn77418,sorichi,Japan,N64,Yes
43,m322jedy,43,https://www.speedrun.com/sm64/runs/m322jedy,2026-01-25T05:52:51Z,5993,5993,qjonw238,EthanRTA,United States,N64,Yes
44,mkp3v5ly,45,https://www.speedrun.com/sm64/runs/mkp3v5ly,2024-03-10T05:37:22Z,5994,5994,pj0l653j,FailmanFlo,Germany,N64,Yes
45,znqg927z,46,https://www.speedrun.com/sm64/runs/znqg927z,2022-10-23T00:57:58Z,5997,5997,v815edqj,Terji,Faroe Islands,N64,Yes
46,mep0r58y,47,https://www.speedrun.com/sm64/runs/mep0r58y,2025-12-30T00:23:24Z,6001,6001,48gqo07j,darkdog47,United States,N64,Yes
47,zxoron8z,48,https://www.speedrun.com/sm64/runs/zxoron8z,2021-11-14T09:33:35Z,6003,6003,qxk3o980,nindiddeh,United States,N64,Yes
48,mkww1k5m,49,https://www.speedrun.com/sm64/runs/mkww1k5m,2025-08-13T20:43:18Z,6004,6004,jpmk03yj,Zapy,Japan,N64,Yes
49,yjop8ndz,50,https://www.speedrun.com/sm64/runs/yjop8ndz,2024-04-15T23:49:09Z,6006,6006,8r7m4ldj,beeve,United States,VC,Yes
50,zn2pjd7z,51,https://www.speedrun.com/sm64/runs/zn2pjd7z,2024-04-15T23:47:42Z,6020,6020,v8lgdovj,Drac,Brazil,N64,Yes
51,mk76r9vy,52,https://www.speedrun.com/sm64/runs/mk76r9vy,2021-04-05T01:30:00Z,6021,6021,dx31lw78,RockChalk19,United States,N64,Yes
52,ywklo8py,53,https://www.speedrun.com/sm64/runs/ywklo8py,2021-11-28T17:32:01Z,6025,6025,18q9317j,kagami,Japan,N64,Yes
53,y6wlvg0z,54,https://www.speedrun.com/sm64/runs/y6wlvg0z,2026-03-07T05:59:02Z,6035,6035,zxzpz50j,Fafel,Japan,N64,Yes
54,ylr5o3ny,55,https://www.speedrun.com/sm64/runs/ylr5o3ny,2021-11-02T09:10:12Z,6036,6036,1xyl49zj,Nebula,Australia,N64,Yes
55,z00vj18z,56,https://www.speedrun.com/sm64/runs/z00vj18z,2025-09-15T01:06:27Z,6038,6038,8g2zm0rj,meephs,,N64,Yes
56,z0q19kem,57,https://www.speedrun.com/sm64/runs/z0q19kem,2024-07-22T18:27:30Z,6039,6039,8e6vr17j,piegolds,Australia,EMU,Yes
57,znq5508z,58,https://www.speedrun.com/sm64/runs/znq5508z,2022-10-30T11:34:48Z,6040,6040,pj0o24rj,Aleph64,Germany,VC,Yes
58,m7vn620m,58,https://www.speedrun.com/sm64/runs/m7vn620m,2026-01-01T12:37:31Z,6040,6040,8q316z7j,dista,United States,N64,Yes
59,yl249wrz,60,https://www.speedrun.com/sm64/runs/yl249wrz,2026-02-28T02:43:54Z,6041,6041,x7mo69vx,rig_,Canada,N64,Yes
60,yvvdqd4y,61,https://www.speedrun.com/sm64/runs/yvvdqd4y,2024-02-03T01:44:05Z,6046,6046,v816eo5x,Soda,,VC,Yes
61,zn6kw39y,61,https://www.speedrun.com/sm64/runs/zn6kw39y,2026-03-08T21:00:57Z,6046,6046,jo1o36nx,noso,Australia,EMU,Yes
62,y6jd8dpm,63,https://www.speedrun.com/sm64/runs/y6jd8dpm,2025-06-10T04:14:38Z,6048,6048,xyreddzj,squimmie,United States,N64,Yes
63,mel2k72z,64,https://www.speedrun.com/sm64/runs/mel2k72z,2023-08-03T18:58:44Z,6049,6049,xyrqdwmj,Zhilkan,Spain,EMU,Yes
64,y6jx420m,65,https://www.speedrun.com/sm64/runs/y6jx420m,2025-07-05T02:02:32Z,6053,6053,pj0v59xw,Wilko,Germany,N64,Yes
65,y6j9pk0m,66,https://www.speedrun.com/sm64/runs/y6j9pk0m,2025-06-12T09:19:13Z,6057,6057,jpm2m44j,happydude124,United States,EMU,Yes
66,zno5k8vy,67,https://www.speedrun.com/sm64/runs/zno5k8vy,2021-03-22T15:26:04Z,6059,6059,98rp5e6j,Paracusia,Australia,VC,Yes
67,y625xj1z,67,https://www.speedrun.com/sm64/runs/y625xj1z,2023-05-23T09:52:28Z,6059,6059,18vkpkyj,KobrahCJ,United States,N64,Yes
68,m3wk0xqy,69,https://www.speedrun.com/sm64/runs/m3wk0xqy,2025-02-22T21:28:39Z,6061,6061,xyrdnrnj,Chemus,Brazil,EMU,Yes
69,zp6qwonm,70,https://www.speedrun.com/sm64/runs/zp6qwonm,2024-02-21T06:04:15Z,6062,6062,8d4ywn58,vitroncio,Brazil,N64,Yes
70,zqpll25m,71,https://www.speedrun.com/sm64/runs/zqpll25m,2025-09-10T00:03:11Z,6066,6066,jm3lqln8,Mauir,Chile,N64,Yes
71,yj9p0vnz,72,https://www.speedrun.com/sm64/runs/yj9p0vnz,2024-09-02T04:57:46Z,6075,6075,5j5w6qnj,kryptic80,United States,N64,Yes
72,zpkpg3ny,73,https://www.speedrun.com/sm64/runs/zpkpg3ny,2025-02-22T03:05:38Z,6076,6076,98r475gj,Blakeo2,England,N64,Yes
73,z0krjoom,74,https://www.speedrun.com/sm64/runs/z0krjoom,2025-11-10T16:02:12Z,6087,6087,zx7nlkq8,bev_prune_,Australia,N64,Yes
74,yvlr06xz,75,https://www.speedrun.com/sm64/runs/yvlr06xz,2024-04-15T13:25:42Z,6095,6095,v816eo5x,Soda,,N64,Yes
75,zxq9oj8m,76,https://www.speedrun.com/sm64/runs/zxq9oj8m,2024-02-14T19:02:55Z,6097,6097,qj2y1r68,JJsrl,United States,VC,Yes
76,yve84wxm,76,https://www.speedrun.com/sm64/runs/yve84wxm,2026-04-18T22:19:52Z,6097,6097,xz2z23ex,King_bay,Japan,N64,Yes
77,mk5qk71m,78,https://www.speedrun.com/sm64/runs/mk5qk71m,2021-10-04T11:55:08Z,6101,6101,18vk21yj,Tabascoth,Austria,N64,Yes
78,zp36e98m,79,https://www.speedrun.com/sm64/runs/zp36e98m,2021-03-09T20:10:54Z,6103,6103,kjpqrr4x,Goldrush,Japan,N64,Yes
79,y6j4r11m,80,https://www.speedrun.com/sm64/runs/y6j4r11m,2025-08-29T03:55:01Z,6105,6105,8r7412qj,Rynnoo,United States,N64,Yes
80,zg6n3qnm,81,https://www.speedrun.com/sm64/runs/zg6n3qnm,2025-04-25T04:39:45Z,6108,6108,qj2y1r68,JJsrl,United States,N64,Yes
81,z1k0oo7y,82,https://www.speedrun.com/sm64/runs/z1k0oo7y,2024-01-21T19:16:17Z,6109,6109,1xy1oozx,ringo792,United States,N64,Yes
82,yll80d3y,83,https://www.speedrun.com/sm64/runs/yll80d3y,2024-02-01T09:13:30Z,6110,6110,0jmo9zn8,Redmoss,United States,N64,Yes
83,z0jqn4jy,84,https://www.speedrun.com/sm64/runs/z0jqn4jy,2023-07-26T23:29:57Z,6114,6114,x353dr7j,Finnii602,Germany,VC,Yes
84,zg8ek7vy,85,https://www.speedrun.com/sm64/runs/zg8ek7vy,2023-12-07T08:31:30Z,6115,6115,8geyo77j,Leysauce,United States,N64,Yes
85,z0kl05em,85,https://www.speedrun.com/sm64/runs/z0kl05em,2025-12-08T22:10:49Z,6115,6115,jm0wk0y8,Kayleee,Canada,N64,Yes
86,z00gwk4z,87,https://www.speedrun.com/sm64/runs/z00gwk4z,2025-09-03T01:16:18Z,6117,6117,xk4zke6j,ElDeve,Argentina,EMU,Yes
87,z0xvp5ez,88,https://www.speedrun.com/sm64/runs/z0xvp5ez,2024-02-09T03:14:09Z,6119,6119,v8lem77x,Frost_Byte,United States,N64,Yes
88,z1qk139y,89,https://www.speedrun.com/sm64/runs/z1qk139y,2023-02-21T03:49:51Z,6122,6122,kj9egwv8,Afrodafro,Norway,N64,Yes
89,yje0lw7m,90,https://www.speedrun.com/sm64/runs/yje0lw7m,2025-04-08T02:31:51Z,6127,6127,jp4q645j,GoodGrieth,,N64,Yes
90,6yj9rdzd,91,https://www.speedrun.com/sm64/runs/6yj9rdzd,,6129,6129,pj02nmw8,nero_x2,Japan,N64,Yes
91,yvj908oy,92,https://www.speedrun.com/sm64/runs/yvj908oy,2018-08-11T15:02:19Z,6130,6130,qjop4q3x,groovy31,Finland,N64,Yes
92,yl99de3y,93,https://www.speedrun.com/sm64/runs/yl99de3y,2017-05-04T02:36:10Z,6133,6133,5j52e9qj,GUTOA,Japan,N64,Yes
93,zx722n5y,94,https://www.speedrun.com/sm64/runs/zx722n5y,2022-04-27T03:54:06Z,6134,6134,v8lq4k7x,badroenis,United States,N64,Yes
94,yj3r6k7z,95,https://www.speedrun.com/sm64/runs/yj3r6k7z,2020-02-12T11:57:28Z,6143,6143,5j5v2nz8,Shans,Australia,EMU,No
95,yvjrweoy,96,https://www.speedrun.com/sm64/runs/yvjrweoy,2018-11-03T07:58:08Z,6144,6144,0jm7n3nj,phantaxx,United States,N64,Yes
96,y9v5v92m,96,https://www.speedrun.com/sm64/runs/y9v5v92m,2022-04-22T21:39:52Z,6144,6144,y8d2v2mj,ChipGroove,United States,N64,Yes
97,y91ndn2m,98,https://www.speedrun.com/sm64/runs/y91ndn2m,2020-10-22T14:39:22Z,6146,6146,0jml0zy8,akki,Japan,N64,Yes
98,emk5kgxm,99,https://www.speedrun.com/sm64/runs/emk5kgxm,2015-12-07T00:13:54Z,6148,6148,zxzvprjq,toastrider91,Chad,N64,Yes
99,z5pdjrgm,100,https://www.speedrun.com/sm64/runs/z5pdjrgm,2023-06-14T22:08:08Z,6153,6153,qxk4wo6j,saksdal,United States,N64,Yes
100,y8w5o2ny,100,https://www.speedrun.com/sm64/runs/y8w5o2ny,2024-07-03T23:25:31Z,6153,6153,86nrm5qx,taylor3311,Japan,N64,Yes
101,zg61vj0m,102,https://www.speedrun.com/sm64/runs/zg61vj0m,2025-08-23T00:47:55Z,6155,6155,8enge328,BenedictFleur123,Netherlands,EMU,Yes
102,zx4e5lky,103,https://www.speedrun.com/sm64/runs/zx4e5lky,2019-05-12T05:10:26Z,6162,6162,kj9ylvx4,V1RO,Canada,N64,Yes
103,z5dqn9em,104,https://www.speedrun.com/sm64/runs/z5dqn9em,2021-11-23T03:03:25Z,6166,6166,98r70w3j,Heisenburger,United States,N64,Yes
104,medowo9y,105,https://www.speedrun.com/sm64/runs/medowo9y,2026-03-12T05:12:19Z,6170,6170,o863zoq8,pvps,United States,N64,Yes
105,yvr5398z,106,https://www.speedrun.com/sm64/runs/yvr5398z,2022-07-09T22:42:31Z,6172,6172,8rpp0egj,Bluth,United States,N64,No
106,m37g7q4z,107,https://www.speedrun.com/sm64/runs/m37g7q4z,2021-08-18T20:40:07Z,6173,6173,dx3q74qj,chubby,Norway,N64,Yes
107,y4o941kz,108,https://www.speedrun.com/sm64/runs/y4o941kz,2023-04-29T11:09:15Z,6175,6175,x359w0kj,mads_x3,Australia,N64,Yes
108,yo86k80z,109,https://www.speedrun.com/sm64/runs/yo86k80z,2026-03-30T05:59:33Z,6176,6176,98rky4qx,BigCheese,United States,N64,Yes
109,ywov86pm,110,https://www.speedrun.com/sm64/runs/ywov86pm,2026-04-19T17:11:11Z,6179,6179,x3p4pyk8,NathanCarter,United States,VC,Yes
110,ydj66ljy,111,https://www.speedrun.com/sm64/runs/ydj66ljy,2023-05-14T06:10:19Z,6181,6181,1xyw6wn8,markinator99,United States,N64,Yes
111,z5w9vogz,112,https://www.speedrun.com/sm64/runs/z5w9vogz,2025-09-13T21:36:18Z,6182,6182,86nnlvqx,Banova8,France,N64,Yes
112,y9l7xxny,113,https://www.speedrun.com/sm64/runs/y9l7xxny,2021-12-08T14:23:06Z,6194,6194,1xy05zjr,turara32767,Japan,N64,Yes
113,mr4jrggz,114,https://www.speedrun.com/sm64/runs/mr4jrggz,2021-01-13T23:44:27Z,6196,6196,zxz97kn8,Drogie,Switzerland,N64,Yes
114,pm3wjwy0,115,https://www.speedrun.com/sm64/runs/pm3wjwy0,,6202,6202,dx351yqj,siglemic,United States,VC,No
115,nz1e5l7y,116,https://www.speedrun.com/sm64/runs/nz1e5l7y,2017-02-22T13:48:28Z,6203,6203,,,,N64,Yes
116,mr5v2x2y,116,https://www.speedrun.com/sm64/runs/mr5v2x2y,2026-01-02T13:08:16Z,6203,6203,8voq1v2x,Autonachick,Japan,N64,Yes
117,y2dn2e7z,118,https://www.speedrun.com/sm64/runs/y2dn2e7z,2020-12-18T08:13:58Z,6205,6205,qjnz771j,jane_dair,United States,N64,Yes
118,zqqg4orz,119,https://www.speedrun.com/sm64/runs/zqqg4orz,2024-08-07T11:48:28Z,6206,6206,,,,N64,Yes
119,y8px07dz,120,https://www.speedrun.com/sm64/runs/y8px07dz,2024-09-05T06:35:04Z,6207,6207,dx35yzej,TriforceTK,United States,N64,Yes
120,mkw975lm,120,https://www.speedrun.com/sm64/runs/mkw975lm,2025-05-03T09:26:13Z,6207,6207,pj0vn53x,Apeduden,Norway,N64,Yes
121,yvqnqw4m,122,https://www.speedrun.com/sm64/runs/yvqnqw4m,2022-02-23T23:42:12Z,6208,6208,8gr94w1x,tomkabs,Canada,N64,Yes
122,zq3nkk8y,123,https://www.speedrun.com/sm64/runs/zq3nkk8y,2019-03-17T03:04:04Z,6210,6210,,,,N64,Yes
123,y8kenrdy,123,https://www.speedrun.com/sm64/runs/y8kenrdy,2023-11-04T18:47:04Z,6210,6210,qjo3kk7j,Fuff,Canada,N64,Yes
124,y412x2ny,125,https://www.speedrun.com/sm64/runs/y412x2ny,2019-08-07T00:53:46Z,6211,6211,dx35yzej,TriforceTK,United States,EMU,Yes
125,y8g6njxz,125,https://www.speedrun.com/sm64/runs/y8g6njxz,2025-07-16T16:54:31Z,6211,6211,pj0zm38w,Geenix,United States,N64,Yes
126,yl446jnm,127,https://www.speedrun.com/sm64/runs/yl446jnm,2018-07-02T05:36:51Z,6212,6212,98rp5e6j,Paracusia,Australia,EMU,Yes
127,z15wpdwy,127,https://www.speedrun.com/sm64/runs/z15wpdwy,2020-08-31T22:05:01Z,6212,6212,o86nzl0x,Xoofey,United States,N64,Yes
128,y602kr0y,127,https://www.speedrun.com/sm64/runs/y602kr0y,2022-06-17T08:25:19Z,6212,6212,kjpoery8,Falcon,Canada,N64,Yes
129,z1653v9m,127,https://www.speedrun.com/sm64/runs/z1653v9m,2025-05-16T00:22:12Z,6212,6212,jo30mmnj,FelizAvis,United States,N64,Yes
130,zg95e2dm,127,https://www.speedrun.com/sm64/runs/zg95e2dm,2026-02-09T03:32:53Z,6212,6212,8lpgwllj,Vadien,United States,N64,Yes
131,mrwekegy,132,https://www.speedrun.com/sm64/runs/mrwekegy,2026-03-04T14:40:17Z,6215,6215,x3q4rqqj,52koney,Japan,N64,Yes
132,dy4jlnyl,133,https://www.speedrun.com/sm64/runs/dy4jlnyl,2024-05-04T08:44:56Z,6217,6217,pj0e6nm8,Issey,Brazil,VC,No
133,zg63w4dm,134,https://www.speedrun.com/sm64/runs/zg63w4dm,2025-04-20T04:28:05Z,6222,6222,j2w1w5lj,RONC3NA,United States,N64,Yes
134,y8l1dq1m,135,https://www.speedrun.com/sm64/runs/y8l1dq1m,2026-03-05T04:14:57Z,6223,6223,8e6k1loj,Phoenix,Australia,N64,Yes
135,emk4np5y,136,https://www.speedrun.com/sm64/runs/emk4np5y,2015-01-28T18:51:49Z,6227,6227,qjo2pq38,Haliinen,Sweden,N64,Yes
136,y8wgq91y,136,https://www.speedrun.com/sm64/runs/y8wgq91y,2024-05-30T13:50:01Z,6227,6227,qxk241kx,Heyzeus,United States,N64,Yes
137,z5n1pp5z,138,https://www.speedrun.com/sm64/runs/z5n1pp5z,2026-03-02T13:32:45Z,6230,6230,xko59n68,FleetingAzure,United States,N64,Yes
138,z1x23o7m,139,https://www.speedrun.com/sm64/runs/z1x23o7m,2021-09-04T17:35:29Z,6232,6232,qjoe6e86,Widdit,United States,N64,Yes
139,y287qvwy,139,https://www.speedrun.com/sm64/runs/y287qvwy,2025-06-12T03:40:36Z,6232,6232,j4rg3z58,CheesyLeech,United States,N64,No
140,7z0q2em5,141,https://www.speedrun.com/sm64/runs/7z0q2em5,2023-10-27T14:02:22Z,6233,6233,dx351yqj,siglemic,United States,N64,Yes
141,1zq2q5zl,141,https://www.speedrun.com/sm64/runs/1zq2q5zl,,6233,6233,dx39wqxl,CpKaka,Sweden,VC,Yes
142,7z0q909m,143,https://www.speedrun.com/sm64/runs/7z0q909m,2016-09-14T22:27:15Z,6235,6235,48gryyxp,Flippy_o,Denmark,N64,Yes
143,z0qdjxem,143,https://www.speedrun.com/sm64/runs/z0qdjxem,2024-09-30T16:52:36Z,6235,6235,5j52dgqj,lunarjump,United States,N64,Yes
144,y6gn6j6m,145,https://www.speedrun.com/sm64/runs/y6gn6j6m,2025-01-23T17:41:26Z,6238,6238,8ek14278,Zinsch,Denmark,EMU,Yes
145,medo1k9y,145,https://www.speedrun.com/sm64/runs/medo1k9y,2026-03-11T04:35:48Z,6238,6238,j0nv6wm8,shikibi_hiiro,Japan,N64,Yes
146,pydqn8xm,147,https://www.speedrun.com/sm64/runs/pydqn8xm,2015-01-07T22:46:28Z,6240,6240,,,,N64,Yes
147,mrw68e4y,147,https://www.speedrun.com/sm64/runs/mrw68e4y,2026-04-03T21:33:42Z,6240,6240,0jmw6wex,Bombs,United States,N64,Yes
148,me9gp99z,149,https://www.speedrun.com/sm64/runs/me9gp99z,2021-03-13T10:01:17Z,6248,6248,0jm36qe8,Xein64,Germany,N64,Yes
149,zx39w3kz,149,https://www.speedrun.com/sm64/runs/zx39w3kz,2023-04-27T14:37:39Z,6248,6248,kjpqyw0x,Gerbiez,Canada,N64,Yes
150,zgj3ogvz,151,https://www.speedrun.com/sm64/runs/zgj3ogvz,2024-12-01T13:41:13Z,6253,6253,86nqn6wx,Susano130,Japan,N64,Yes
151,yo715r0m,152,https://www.speedrun.com/sm64/runs/yo715r0m,2021-07-23T01:41:38Z,6254,6254,pj0l653j,FailmanFlo,Germany,EMU,Yes
152,y81kr2xz,153,https://www.speedrun.com/sm64/runs/y81kr2xz,2019-11-29T19:45:30Z,6256,6256,kj9vd9ox,JMill,United States,EMU,Yes
153,ywnr962y,154,https://www.speedrun.com/sm64/runs/ywnr962y,2023-12-13T20:49:44Z,6260,6260,98ryllqj,Fizz,United States,VC,Yes
154,z1njgnry,155,https://www.speedrun.com/sm64/runs/z1njgnry,2024-07-23T23:06:02Z,6262,6262,kj9z6pn8,Sunnard,France,EMU,Yes
155,y28o016y,156,https://www.speedrun.com/sm64/runs/y28o016y,2025-09-05T13:45:45Z,6265,6265,qxkrpqm8,Dackage,United States,EMU,Yes
156,mk3p87lz,157,https://www.speedrun.com/sm64/runs/mk3p87lz,2020-07-10T15:49:00Z,6268,6268,v81q6w3j,bebopbandit,United States,N64,Yes
157,z5oo8pgy,158,https://www.speedrun.com/sm64/runs/z5oo8pgy,2017-05-04T08:26:00Z,6269,6269,,,,N64,Yes
158,ywo15lnm,159,https://www.speedrun.com/sm64/runs/ywo15lnm,2026-02-26T14:05:57Z,6279,6279,xkmnnmmj,ZUMMI,Italy,EMU,Yes
159,y6e3oo0z,160,https://www.speedrun.com/sm64/runs/y6e3oo0z,2024-07-08T19:18:11Z,6280,6280,1xyprdvx,packerzilla,United States,N64,Yes
160,y9prnenm,161,https://www.speedrun.com/sm64/runs/y9prnenm,2025-04-08T19:02:28Z,6282,6282,816nqwqx,Zaikenator,United States,N64,Yes
161,y27e2p6z,162,https://www.speedrun.com/sm64/runs/y27e2p6z,2021-09-18T23:59:49Z,6283,6283,x35r767j,Schnoz64,United States,N64,Yes
162,z0p145ey,162,https://www.speedrun.com/sm64/runs/z0p145ey,2022-04-25T08:14:18Z,6283,6283,qxkvqp2j,PKT_S,France,N64,Yes
163,dy41lqny,164,https://www.speedrun.com/sm64/runs/dy41lqny,2015-04-18T05:23:37Z,6285,6285,qxkovg98,gohanie,Japan,N64,Yes
164,zpq09dgy,164,https://www.speedrun.com/sm64/runs/zpq09dgy,2017-05-20T11:05:15Z,6285,6285,68wwn48g,Mitagi,Japan,N64,Yes
165,mko9l9lz,166,https://www.speedrun.com/sm64/runs/mko9l9lz,2024-12-11T02:29:49Z,6287,6287,xz27v1nx,NewmanBeatbox,United States,EMU,Yes
166,yoe6gn0z,166,https://www.speedrun.com/sm64/runs/yoe6gn0z,2025-06-17T06:52:56Z,6287,6287,xzlq0er8,ricefarm,United States,EMU,Yes
167,zg1qj0nz,166,https://www.speedrun.com/sm64/runs/zg1qj0nz,2026-04-17T07:37:02Z,6287,6287,j92p9yr8,jacobo,United States,EMU,Yes
168,y9j4gxvm,169,https://www.speedrun.com/sm64/runs/y9j4gxvm,2024-07-04T17:36:17Z,6288,6288,v810d5rx,SubmarineCpt,United States,EMU,Yes
169,yold677y,170,https://www.speedrun.com/sm64/runs/yold677y,2023-02-05T16:05:12Z,6289,6289,xz79p1nj,tanepota,Japan,N64,Yes
170,mr5gv62y,170,https://www.speedrun.com/sm64/runs/mr5gv62y,2026-02-09T14:59:54Z,6289,6289,8w12vnqx,LowAppeal,United States,N64,Yes
171,oy2w65yd,172,https://www.speedrun.com/sm64/runs/oy2w65yd,,6291,6291,,,,N64,Yes
172,0y670q6m,173,https://www.speedrun.com/sm64/runs/0y670q6m,2014-12-24T07:05:00Z,6296,6296,18ql07jn,luke994,England,N64,No
173,mr5lv52y,174,https://www.speedrun.com/sm64/runs/mr5lv52y,2025-12-21T21:40:58Z,6297,6297,8v57kgvj,GrievousD2,Canada,N64,Yes
174,ydow46jz,175,https://www.speedrun.com/sm64/runs/ydow46jz,2025-11-25T21:01:42Z,6300,6300,,,,N64,Yes
175,z0pl33ey,176,https://www.speedrun.com/sm64/runs/z0pl33ey,2022-06-02T12:13:57Z,6306,6306,j26d1ynx,nidamario,Japan,N64,No
176,y422jeqm,177,https://www.speedrun.com/sm64/runs/y422jeqm,2021-02-04T03:54:41Z,6309,6309,pj06y3jw,Butterlord,Canada,N64,Yes
177,m3xpl9wm,178,https://www.speedrun.com/sm64/runs/m3xpl9wm,2022-11-17T09:36:15Z,6310,6310,qjo1ovnx,FireGoesFast,Australia,VC,Yes
178,zn5ljw9z,179,https://www.speedrun.com/sm64/runs/zn5ljw9z,2026-02-03T17:41:28Z,6311,6311,8eewvpp8,sazan,Japan,VC,Yes
179,z5g0j1dm,180,https://www.speedrun.com/sm64/runs/z5g0j1dm,2024-08-06T23:50:57Z,6316,6316,98rky4qx,BigCheese,United States,VC,Yes
180,zpq1onny,181,https://www.speedrun.com/sm64/runs/zpq1onny,2017-08-27T21:54:38Z,6317,6317,18q3r20j,Animazism,Wales,N64,Yes
181,yvgg194y,182,https://www.speedrun.com/sm64/runs/yvgg194y,2017-04-27T00:25:12Z,6318,6318,y8dw9zgj,Alkobakknarko,Norway,N64,Yes
182,mrvp0j4z,183,https://www.speedrun.com/sm64/runs/mrvp0j4z,2024-06-22T04:28:31Z,6326,6326,8rpwpnqj,inferno676,United States,N64,Yes
183,7ylx2nyp,184,https://www.speedrun.com/sm64/runs/7ylx2nyp,,6327,6327,y8dg7l86,Noizeeh,Sweden,N64,Yes
184,y81ejkxz,185,https://www.speedrun.com/sm64/runs/y81ejkxz,2019-09-01T09:01:26Z,6328,6328,0jmvmzj1,protoman5,United States,N64,Yes
185,y8j93qnz,186,https://www.speedrun.com/sm64/runs/y8j93qnz,2021-12-11T16:37:57Z,6329,6329,98r5d3wx,dinkyslinky,Norway,N64,Yes
186,zxxkx3kz,186,https://www.speedrun.com/sm64/runs/zxxkx3kz,2024-07-24T23:57:27Z,6329,6329,y8dz54gj,Maosfx,United States,N64,Yes
187,z57l00dm,188,https://www.speedrun.com/sm64/runs/z57l00dm,2020-01-10T22:59:47Z,6331,6331,qj25v3lj,m_vitor,Brazil,N64,Yes
188,ywd43kpz,188,https://www.speedrun.com/sm64/runs/ywd43kpz,2020-09-29T18:40:47Z,6331,6331,qj2eenjk,Darrow25,Québec,VC,Yes
189,zp5o0vry,190,https://www.speedrun.com/sm64/runs/zp5o0vry,2026-01-16T17:53:50Z,6332,6332,zx7dz1vx,AlejoIH,Spain,EMU,Yes
190,z5edp95z,191,https://www.speedrun.com/sm64/runs/z5edp95z,2023-01-21T05:19:30Z,6334,6334,zxzl7508,Seba54,Chile,EMU,Yes
191,z1o1glgm,192,https://www.speedrun.com/sm64/runs/z1o1glgm,2020-09-22T05:04:17Z,6337,6337,7j41p5j1,SuperViperT302,United States,N64,Yes
192,mrnl8gdy,193,https://www.speedrun.com/sm64/runs/mrnl8gdy,2021-09-26T20:39:50Z,6338,6338,kj9pq2ox,bromario28,United States,N64,Yes
193,ywpljg0z,194,https://www.speedrun.com/sm64/runs/ywpljg0z,2019-05-06T05:51:07Z,6339,6339,o862d3xz,Biinny,England,N64,Yes
194,yjqejgdm,195,https://www.speedrun.com/sm64/runs/yjqejgdm,2025-08-03T19:11:09Z,6340,6340,x353dr7j,Finnii602,Germany,N64,Yes
195,y8ngnw5y,195,https://www.speedrun.com/sm64/runs/y8ngnw5y,2026-01-20T05:17:38Z,6340,6340,xyl4ynzj,imchach,United States,EMU,Yes
196,mep0pg8y,197,https://www.speedrun.com/sm64/runs/mep0pg8y,2025-12-29T00:33:44Z,6342,6342,j20qnrlx,MrFroggy,United States,N64,Yes
197,y2jp919z,198,https://www.speedrun.com/sm64/runs/y2jp919z,2023-01-29T07:21:11Z,6349,6349,8ge2ee2j,incha4416,,N64,Yes
198,zn63wq8y,199,https://www.speedrun.com/sm64/runs/zn63wq8y,2026-03-14T13:55:50Z,6351,6351,joz5vm38,Sakoi,Japan,N64,Yes
199,yjr12rnz,199,https://www.speedrun.com/sm64/runs/yjr12rnz,2026-03-21T21:10:25Z,6351,6351,48gyr78p,theorylocked,Palestine,N64,Yes
200,8yvxeozo,201,https://www.speedrun.com/sm64/runs/8yvxeozo,,6352,6352,,,,N64,No
201,m7vjxpwm,202,https://www.speedrun.com/sm64/runs/m7vjxpwm,2026-01-29T04:38:55Z,6353,6353,x76047vj,Phoenix_64_USA,United States,N64,Yes
202,ywg0700z,203,https://www.speedrun.com/sm64/runs/ywg0700z,2024-03-24T17:57:56Z,6354,6354,8g5772rj,Semaa,Bosnia and Herzegovina,EMU,Yes
203,ywk2xe9y,204,https://www.speedrun.com/sm64/runs/ywk2xe9y,2021-10-30T04:33:22Z,6356,6356,48g0d97x,laty_,United States,N64,Yes
204,y629wgjz,205,https://www.speedrun.com/sm64/runs/y629wgjz,2023-06-18T19:32:51Z,6357,6357,jmpp51ej,amsixx,Spain,EMU,Yes
205,zxpkv05y,205,https://www.speedrun.com/sm64/runs/zxpkv05y,2026-03-03T22:44:30Z,6357,6357,8rm20ewj,FlamingFishsticks,United States,EMU,Yes
206,m7qqg74z,207,https://www.speedrun.com/sm64/runs/m7qqg74z,2019-06-26T10:45:08Z,6358,6358,qj2pngn8,Beuca,United States,N64,Yes
207,y98e262z,207,https://www.speedrun.com/sm64/runs/y98e262z,2023-08-03T23:36:31Z,6358,6358,e8ezrq68,Yale,United States,N64,Yes
208,zgngqj0y,209,https://www.speedrun.com/sm64/runs/zgngqj0y,2017-08-22T18:47:52Z,6359,6359,,,,N64,Yes
209,m3l9v26m,210,https://www.speedrun.com/sm64/runs/m3l9v26m,2022-11-30T16:12:27Z,6360,6360,jo3r970j,Elva,Japan,N64,Yes
210,y406nkkz,211,https://www.speedrun.com/sm64/runs/y406nkkz,2026-01-03T09:41:13Z,6361,6361,zx7yqrx7,Voodle,United States,N64,Yes
211,zpojdwxm,212,https://www.speedrun.com/sm64/runs/zpojdwxm,2025-09-06T07:01:14Z,6364,6364,68wg36qx,ded_lej,North Korea,N64,Yes
212,m3r9j8wm,213,https://www.speedrun.com/sm64/runs/m3r9j8wm,2021-04-12T07:25:37Z,6367,6367,68w040qj,Creator_Destroyer,United States,N64,Yes
213,z13jp5gm,214,https://www.speedrun.com/sm64/runs/z13jp5gm,2017-06-09T07:15:40Z,6368,6368,kjp6pz58,Gana64,Japan,N64,Yes
214,yvg5v18y,214,https://www.speedrun.com/sm64/runs/yvg5v18y,2018-03-13T05:19:13Z,6368,6368,kj95gwo8,arwyMilo,Canada,N64,No
215,y9vgnqkm,216,https://www.speedrun.com/sm64/runs/y9vgnqkm,2022-07-15T00:36:03Z,6369,6369,8rpv21dj,ZeusSM64,New Zealand,EMU,No
216,z0p45eoy,217,https://www.speedrun.com/sm64/runs/z0p45eoy,2022-07-18T19:45:25Z,6376,6376,1xy5r7w8,ClintStevens,United States,N64,Yes
217,yd65wgvz,218,https://www.speedrun.com/sm64/runs/yd65wgvz,2019-07-12T02:41:40Z,6377,6377,zxzn5rex,josiee,United States,EMU,Yes
218,zxvg0oqy,219,https://www.speedrun.com/sm64/runs/zxvg0oqy,2017-08-28T03:13:12Z,6379,6379,18vpmn8l,ZDeztroyerz,,N64,Yes
219,znv0e09m,219,https://www.speedrun.com/sm64/runs/znv0e09m,2023-06-17T09:33:56Z,6379,6379,5j5097nx,ErikaSunrose,Sweden,EMU,Yes
220,mkgv28xy,221,https://www.speedrun.com/sm64/runs/mkgv28xy,2021-06-03T16:35:00Z,6380,6380,qjo9ypnj,OkamiBW,United States,VC,Yes
221,y6q4qo6z,222,https://www.speedrun.com/sm64/runs/y6q4qo6z,2024-01-29T04:35:56Z,6381,6381,v8159vlj,collins_vg,United States,N64,Yes
222,ylnre02z,223,https://www.speedrun.com/sm64/runs/ylnre02z,2023-01-20T00:56:59Z,6384,6384,xk4g0m9j,Dezod,United States,N64,Yes
223,zg266gny,224,https://www.speedrun.com/sm64/runs/zg266gny,2023-03-20T14:52:55Z,6386,6386,8qz5n7q8,Gravydos,United States,N64,Yes
224,zx7w3pky,225,https://www.speedrun.com/sm64/runs/zx7w3pky,2022-06-20T05:39:18Z,6393,6393,zx7gkrx7,alaris,United States,N64,No
225,mrxp79dm,225,https://www.speedrun.com/sm64/runs/mrxp79dm,2024-11-09T15:07:14Z,6393,6393,xkpgw42j,spiny07,France,EMU,Yes
226,mrl1lk8m,227,https://www.speedrun.com/sm64/runs/mrl1lk8m,2023-06-11T09:16:43Z,6399,6399,8g5y277j,ReallyBadDK,United States,N64,Yes
227,mk18r4vy,227,https://www.speedrun.com/sm64/runs/mk18r4vy,2024-08-04T22:20:06Z,6399,6399,8w139m3x,oatslice,Australia,N64,Yes
228,z5wvlejz,229,https://www.speedrun.com/sm64/runs/z5wvlejz,2025-06-22T13:42:54Z,6402,6402,xzlelze8,xWicko,Australia,N64,Yes
229,8y8o5dm1,230,https://www.speedrun.com/sm64/runs/8y8o5dm1,,6403,6403,v814mkp8,cheese,Spain,EMU,Yes
230,y9e47qkz,231,https://www.speedrun.com/sm64/runs/y9e47qkz,2025-09-11T05:25:05Z,6404,6404,xko6o278,Seceon,Chile,N64,Yes
231,8yvnwomo,232,https://www.speedrun.com/sm64/runs/8yvnwomo,2023-10-01T22:40:03Z,6405,6405,pj0e6nm8,Issey,Brazil,EMU,Yes
232,y6wleo6z,233,https://www.speedrun.com/sm64/runs/y6wleo6z,2026-03-07T10:46:55Z,6406,6406,j5vzy0n8,Lemoniau,United States,N64,Yes
233,y2gnee5z,234,https://www.speedrun.com/sm64/runs/y2gnee5z,2023-07-31T19:14:01Z,6409,6409,jo3v1n0j,Sabxander,Romania,EMU,Yes
234,pzgo1em2,235,https://www.speedrun.com/sm64/runs/pzgo1em2,,6411,6411,18vmme8l,pobo,United States,N64,Yes
235,ywg0gw9z,236,https://www.speedrun.com/sm64/runs/ywg0gw9z,2024-03-23T12:46:22Z,6412,6412,qjnw4rdj,CapruSin,United States,EMU,Yes
236,zg65pkvm,236,https://www.speedrun.com/sm64/runs/zg65pkvm,2025-09-05T19:56:50Z,6412,6412,j0vkm73x,druz,United States,EMU,Yes
237,ydg2j4vy,238,https://www.speedrun.com/sm64/runs/ydg2j4vy,2023-02-24T01:01:53Z,6413,6413,zxzn3w9x,spener1122,Canada,N64,Yes
238,zn702v8m,239,https://www.speedrun.com/sm64/runs/zn702v8m,2022-01-12T18:13:34Z,6414,6414,8geo5gpj,Unknown1470,United States,EMU,Yes
239,z0rgk8jz,240,https://www.speedrun.com/sm64/runs/z0rgk8jz,2021-07-18T03:58:32Z,6415,6415,zx7gkrx7,alaris,United States,VC,Yes
240,zx2e5k5m,241,https://www.speedrun.com/sm64/runs/zx2e5k5m,2020-09-03T11:50:34Z,6416,6416,kj93d27j,watapachi67,Japan,N64,Yes
241,me29180m,242,https://www.speedrun.com/sm64/runs/me29180m,2025-06-01T00:04:42Z,6418,6418,5j5qzewj,Keubab,France,N64,Yes
242,zp60lvgm,243,https://www.speedrun.com/sm64/runs/zp60lvgm,2024-02-25T01:38:52Z,6419,6419,86v9945j,Tit0MEX_64,Mexico,EMU,Yes
243,y258d37y,244,https://www.speedrun.com/sm64/runs/y258d37y,2020-07-29T17:02:04Z,6422,6422,kj9z6w84,Fuzzyness,England,N64,Yes
244,9mel5p2z,245,https://www.speedrun.com/sm64/runs/9mel5p2z,2016-07-01T05:04:25Z,6424,6424,68w134xg,trevor107,Canada,N64,Yes
245,7yl8nq3z,245,https://www.speedrun.com/sm64/runs/7yl8nq3z,2017-02-28T04:55:27Z,6424,6424,v8lz34xm,Shy,Finland,N64,Yes
246,y2pp6q5z,247,https://www.speedrun.com/sm64/runs/y2pp6q5z,2022-06-01T04:36:08Z,6427,6427,zx7zw1r8,egaSyeliR,United States,N64,Yes
247,mrwr4j8y,248,https://www.speedrun.com/sm64/runs/mrwr4j8y,2026-04-14T15:06:21Z,6431,6431,864vnd5j,Louis64,Germany,N64,Yes
248,yjp04gny,249,https://www.speedrun.com/sm64/runs/yjp04gny,2022-07-22T06:11:34Z,6435,6435,x354692j,manxmud,United States,N64,Yes
249,wzpxvxmq,250,https://www.speedrun.com/sm64/runs/wzpxvxmq,,6436,6436,,,,N64,No
250,yox3x47y,251,https://www.speedrun.com/sm64/runs/yox3x47y,2024-08-04T08:42:36Z,6437,6437,zxz67wn8,AJLane,United States,N64,Yes
251,mepr9l2y,252,https://www.speedrun.com/sm64/runs/mepr9l2y,2026-02-12T21:09:50Z,6445,6445,jn5zm42j,Charamell,Spain,EMU,Yes
252,y48n92qm,253,https://www.speedrun.com/sm64/runs/y48n92qm,2022-02-27T06:29:43Z,6446,6446,v819rrxp,Marco,France,N64,Yes
253,z18wn57y,254,https://www.speedrun.com/sm64/runs/z18wn57y,2021-04-08T12:46:12Z,6447,6447,5j594e6x,peta,Japan,N64,Yes
254,zx8k855m,255,https://www.speedrun.com/sm64/runs/zx8k855m,2022-08-10T01:41:45Z,6451,6451,zx7qg1y8,Muimania,Germany,EMU,Yes
255,zne1xj9z,256,https://www.speedrun.com/sm64/runs/zne1xj9z,2023-10-27T09:01:43Z,6452,6452,8e6k1loj,Phoenix,Australia,VC,Yes
256,y8jrq5nz,257,https://www.speedrun.com/sm64/runs/y8jrq5nz,2021-12-27T16:43:51Z,6460,6460,qxkmn26j,popesquidward,United States,N64,Yes
257,m3ql0lwy,258,https://www.speedrun.com/sm64/runs/m3ql0lwy,2023-07-08T10:54:02Z,6461,6461,zx73n50j,JDee,Canada,N64,Yes
258,y27n395z,259,https://www.speedrun.com/sm64/runs/y27n395z,2021-10-20T06:22:05Z,6462,6462,j51q9668,RianDiCielo,Panama,EMU,Yes
259,z5kd6wez,259,https://www.speedrun.com/sm64/runs/z5kd6wez,2023-11-04T22:15:51Z,6462,6462,qj2yvm78,pete,United States,N64,Yes
260,me44vv3y,261,https://www.speedrun.com/sm64/runs/me44vv3y,2021-08-31T07:31:46Z,6463,6463,kjpmy0jq,ThatDrunkenDwarf,England,N64,Yes
261,zn40rn3m,262,https://www.speedrun.com/sm64/runs/zn40rn3m,2018-09-19T20:56:07Z,6466,6466,,,,N64,Yes
262,yvjk606y,262,https://www.speedrun.com/sm64/runs/yvjk606y,2019-04-04T15:54:34Z,6466,6466,1xy5vzy8,m0m0,,N64,Yes
263,zx7n4v5y,262,https://www.speedrun.com/sm64/runs/zx7n4v5y,2022-06-07T07:24:25Z,6466,6466,18vkpmej,Menstilo,Germany,EMU,Yes
264,zx3ql3ez,265,https://www.speedrun.com/sm64/runs/zx3ql3ez,2023-07-21T17:26:40Z,6471,6471,j2636gox,smc_,Scotland,N64,Yes
265,m3j58dqz,265,https://www.speedrun.com/sm64/runs/m3j58dqz,2024-07-30T22:04:39Z,6471,6471,8lr5gl78,Majora_AG,Norway,EMU,Yes
266,9yox80yx,267,https://www.speedrun.com/sm64/runs/9yox80yx,,6472,6472,y8d4po86,Toufool,United States,N64,Yes
267,z5ljd8ey,268,https://www.speedrun.com/sm64/runs/z5ljd8ey,2024-12-26T13:47:25Z,6473,6473,zxzqlnrx,Cysse,France,EMU,Yes
268,zqgp125m,269,https://www.speedrun.com/sm64/runs/zqgp125m,2021-03-19T11:21:06Z,6478,6478,zxze2zex,Flixer,United States,N64,Yes
269,zqj7gdrm,269,https://www.speedrun.com/sm64/runs/zqj7gdrm,2023-06-26T13:37:50Z,6478,6478,8dw231lj,Snepy,Chile,N64,Yes
270,mkr805xz,271,https://www.speedrun.com/sm64/runs/mkr805xz,2025-10-28T19:17:41Z,6479,6479,j0vkm73x,druz,United States,N64,Yes
271,mrq8w74y,272,https://www.speedrun.com/sm64/runs/mrq8w74y,2017-05-29T04:37:41Z,6481,6481,y8dwdegj,hellool,United States,N64,Yes
272,y8jrjndz,273,https://www.speedrun.com/sm64/runs/y8jrjndz,2021-12-29T06:07:28Z,6483,6483,48gkmp2j,mercredi,Canada,N64,Yes
273,zq83498z,273,https://www.speedrun.com/sm64/runs/zq83498z,2024-02-25T00:58:02Z,6483,6483,j4232gmx,VonJim,Québec,N64,Yes
274,zngxx53m,275,https://www.speedrun.com/sm64/runs/zngxx53m,2025-08-01T21:24:38Z,6488,6488,xz27v1nx,NewmanBeatbox,United States,N64,Yes
275,emkj81ly,276,https://www.speedrun.com/sm64/runs/emkj81ly,2017-03-14T05:07:54Z,6491,6491,68wegq8g,Custom,Canada,N64,Yes
276,y9kqllez,276,https://www.speedrun.com/sm64/runs/y9kqllez,2024-01-28T04:27:15Z,6491,6491,j20qnrlx,MrFroggy,United States,EMU,Yes
277,y2ppkw9z,278,https://www.speedrun.com/sm64/runs/y2ppkw9z,2022-05-30T22:38:39Z,6494,6494,qjok7l78,TwitchName,United States,N64,Yes
278,mepn8l2y,279,https://www.speedrun.com/sm64/runs/mepn8l2y,2026-01-10T19:29:28Z,6499,6499,xyqe9ly8,BryceIsRight64,United States,N64,Yes
279,yo4gd91m,280,https://www.speedrun.com/sm64/runs/yo4gd91m,2018-04-09T17:34:02Z,6500,6500,kjppl92j,quiilucru,,N64,Yes
280,zn226qlz,280,https://www.speedrun.com/sm64/runs/zn226qlz,2024-05-17T10:10:56Z,6500,6500,18qrd50j,wermi,Poland,N64,Yes
281,yjek9knm,282,https://www.speedrun.com/sm64/runs/yjek9knm,2024-12-08T19:02:03Z,6501,6501,8r7eqr6j,Itz_Me_Coreyyy,United States,N64,Yes
282,oy2nw6yd,283,https://www.speedrun.com/sm64/runs/oy2nw6yd,2025-05-19T19:39:09Z,6505,6505,v814mkp8,cheese,Spain,VC,Yes
283,wzp3o3rm,283,https://www.speedrun.com/sm64/runs/wzp3o3rm,2015-09-09T18:03:15Z,6505,6505,48gem41j,igreil,United States,N64,Yes
284,m336q56m,285,https://www.speedrun.com/sm64/runs/m336q56m,2022-05-25T20:06:23Z,6506,6506,kj9vd9ox,JMill,United States,N64,Yes
285,yo0de1dy,286,https://www.speedrun.com/sm64/runs/yo0de1dy,2024-04-23T22:44:14Z,6507,6507,7j40gpw8,cuas,,VC,Yes
286,y4gkr9ky,287,https://www.speedrun.com/sm64/runs/y4gkr9ky,2023-02-22T07:07:20Z,6508,6508,xkm3lk7j,Nonag,Germany,EMU,Yes
287,yd18k1jy,288,https://www.speedrun.com/sm64/runs/yd18k1jy,2022-08-01T00:38:22Z,6509,6509,8v55qvej,Lucinovic,Netherlands,N64,Yes
288,yv7kdgoy,289,https://www.speedrun.com/sm64/runs/yv7kdgoy,2025-09-02T06:30:00Z,6510,6510,jmzm5yyx,ClifforddTBRD,,EMU,Yes
289,zgopddnm,290,https://www.speedrun.com/sm64/runs/zgopddnm,2024-08-30T09:20:52Z,6514,6514,qxkrpqm8,Dackage,United States,N64,Yes
290,zxxr2rqz,290,https://www.speedrun.com/sm64/runs/zxxr2rqz,2024-11-08T00:29:03Z,6514,6514,j9v2rgox,EcCuardo,Peru,EMU,Yes
291,z08r1qem,292,https://www.speedrun.com/sm64/runs/z08r1qem,2025-01-11T09:19:15Z,6518,6518,8qrrp27j,TedFeds,United States,EMU,Yes
292,zpkk9qny,293,https://www.speedrun.com/sm64/runs/zpkk9qny,2025-03-10T07:21:34Z,6523,6523,8dw9onoj,JoeyBagODonuts,United States,EMU,Yes
293,zp2406xy,294,https://www.speedrun.com/sm64/runs/zp2406xy,2021-12-18T12:10:45Z,6525,6525,18qowewj,Majoog,South Korea,EMU,Yes
294,yv8vnkom,294,https://www.speedrun.com/sm64/runs/yv8vnkom,2023-02-25T03:00:06Z,6525,6525,8wlk4n4j,Kaimatix,England,N64,Yes
295,zqplp18m,294,https://www.speedrun.com/sm64/runs/zqplp18m,2025-09-08T06:58:23Z,6525,6525,j51r39z8,P_Luizon,Mexico,N64,Yes
296,yvlel06z,297,https://www.speedrun.com/sm64/runs/yvlel06z,2024-06-15T20:37:39Z,6527,6527,98ryllqj,Fizz,United States,N64,Yes
297,yv5n9r6m,298,https://www.speedrun.com/sm64/runs/yv5n9r6m,2026-01-11T11:42:38Z,6529,6529,8voz5nnx,Alurnite,Canada,N64,Yes
298,y62w2q0z,299,https://www.speedrun.com/sm64/runs/y62w2q0z,2023-08-17T02:05:31Z,6531,6531,qj2pr078,roddy,Brazil,EMU,Yes
299,zqp8ol5m,300,https://www.speedrun.com/sm64/runs/zqp8ol5m,2025-07-28T05:07:16Z,6532,6532,68wp5qvx,geek,Germany,N64,Yes
300,y8glk1nz,300,https://www.speedrun.com/sm64/runs/y8glk1nz,2025-08-25T00:40:49Z,6532,6532,86nk3mpx,YogoC,United States,N64,Yes
301,ydq991xm,302,https://www.speedrun.com/sm64/runs/ydq991xm,2017-07-31T01:21:00Z,6536,6536,pj0e6nm8,Issey,Brazil,N64,No
302,emk1xxy6,303,https://www.speedrun.com/sm64/runs/emk1xxy6,,6538,6538,,,,N64,No
303,z1kdkwry,304,https://www.speedrun.com/sm64/runs/z1kdkwry,2023-09-09T13:20:23Z,6543,6543,8vkn1mnj,madware,Chile,N64,Yes
304,7z08q4m5,305,https://www.speedrun.com/sm64/runs/7z08q4m5,,6544,6544,e8eepzo8,alextolio,Greece,VC,No
305,2ywwl3y4,306,https://www.speedrun.com/sm64/runs/2ywwl3y4,,6545,6545,o862d3xz,Biinny,England,EMU,Yes
306,zpp54rxz,307,https://www.speedrun.com/sm64/runs/zpp54rxz,2024-01-15T04:35:49Z,6548,6548,j519wqn8,Rodillo,Spain,VC,Yes
307,y6wx9jpz,307,https://www.speedrun.com/sm64/runs/y6wx9jpz,2026-04-15T04:01:36Z,6548,6548,qxkzwn9x,TristanC,United States,N64,Yes
308,z5oogpgy,309,https://www.speedrun.com/sm64/runs/z5oogpgy,2017-05-05T09:17:29Z,6549,6549,98r2l63x,MrSpeedrun,Germany,N64,No
309,y69ewvpy,310,https://www.speedrun.com/sm64/runs/y69ewvpy,2021-10-19T01:16:27Z,6551,6551,1xyky4n8,thags15,United States,N64,Yes
310,zpx1q38m,311,https://www.speedrun.com/sm64/runs/zpx1q38m,2024-08-11T21:18:41Z,6555,6555,qxkrpqm8,Dackage,United States,VC,Yes
311,yl2r6n2z,312,https://www.speedrun.com/sm64/runs/yl2r6n2z,2026-04-01T00:08:47Z,6556,6556,qj2rklpx,cjrokokomero,Italy,N64,Yes
312,mk2pw2vm,313,https://www.speedrun.com/sm64/runs/mk2pw2vm,2019-12-22T17:48:40Z,6557,6557,7j47lplj,dumpdome64,United States,EMU,Yes
313,y22nxe5y,314,https://www.speedrun.com/sm64/runs/y22nxe5y,2024-05-26T01:13:41Z,6559,6559,zx7yqrx7,Voodle,United States,EMU,Yes
314,yldodj3m,315,https://www.speedrun.com/sm64/runs/yldodj3m,2024-03-23T12:47:52Z,6561,6561,81qg7ylj,ZachTunes,United States,N64,Yes
315,mrwkjpgy,315,https://www.speedrun.com/sm64/runs/mrwkjpgy,2026-03-08T23:50:07Z,6561,6561,qj25l5pj,tjk,,N64,Yes
316,mkp9ewvy,317,https://www.speedrun.com/sm64/runs/mkp9ewvy,2024-02-25T21:54:11Z,6563,6563,xylw0wmj,Linkarf,Québec,N64,Yes
317,0zn9d7yn,318,https://www.speedrun.com/sm64/runs/0zn9d7yn,,6566,6566,zx7dpyx7,Holahu,England,EMU,Yes
318,9mrxwgmq,319,https://www.speedrun.com/sm64/runs/9mrxwgmq,,6567,6567,48gr9rpx,sicko,England,N64,No
319,mk52161m,319,https://www.speedrun.com/sm64/runs/mk52161m,2021-08-11T03:24:50Z,6567,6567,v8lgdovj,Drac,Brazil,EMU,Yes
320,zqev3jrz,321,https://www.speedrun.com/sm64/runs/zqev3jrz,2023-01-18T07:48:34Z,6568,6568,1xyo90yj,Avijobat,Mexico,VC,Yes
321,me26j92m,321,https://www.speedrun.com/sm64/runs/me26j92m,2025-05-24T17:40:48Z,6568,6568,joo3093j,ChiaraSM64,France,EMU,Yes
322,m3gl3pqz,323,https://www.speedrun.com/sm64/runs/m3gl3pqz,2020-11-22T10:49:58Z,6572,6572,pj0ke0m8,SeanRaider,Canada,N64,Yes
323,zpg9oegz,323,https://www.speedrun.com/sm64/runs/zpg9oegz,2023-02-02T16:30:40Z,6572,6572,e8evzg7x,gamiru,Japan,N64,Yes
324,pyd0r8wz,325,https://www.speedrun.com/sm64/runs/pyd0r8wz,2015-07-08T11:25:04Z,6573,6573,kj9rv7j4,Washeyy,Australia,N64,No
325,zgej22ey,325,https://www.speedrun.com/sm64/runs/zgej22ey,2023-07-31T23:45:07Z,6573,6573,8lpl934j,PegiTheLoca,Germany,EMU,Yes
326,7yl97lny,327,https://www.speedrun.com/sm64/runs/7yl97lny,2014-12-24T07:11:47Z,6574,6574,18vo42xl,SimpleFlips,United States,N64,Yes
327,yj9g623z,327,https://www.speedrun.com/sm64/runs/yj9g623z,2024-08-12T21:15:48Z,6574,6574,8e6qyddj,Salemba,Austria,N64,Yes
328,9mee5g0m,329,https://www.speedrun.com/sm64/runs/9mee5g0m,2016-05-25T22:48:39Z,6575,6575,e8e9ze2j,ohaithereman,United States,N64,Yes
329,8y84qe1z,329,https://www.speedrun.com/sm64/runs/8y84qe1z,2017-01-31T20:06:08Z,6575,6575,v8l732jm,Jolteon92,England,N64,Yes
330,y6qqgk6z,331,https://www.speedrun.com/sm64/runs/y6qqgk6z,2023-12-19T16:23:59Z,6578,6578,e8ewrz78,ariapath,Australia,EMU,Yes
331,y9j0e0km,332,https://www.speedrun.com/sm64/runs/y9j0e0km,2024-03-11T14:05:36Z,6579,6579,8l3ldyl8,jumpmanmatthew,United States,N64,Yes
332,zqw5e99z,333,https://www.speedrun.com/sm64/runs/zqw5e99z,2020-08-07T13:18:01Z,6580,6580,qxk4q47j,Redd,United States,N64,Yes
333,pm3j4dz0,334,https://www.speedrun.com/sm64/runs/pm3j4dz0,2023-09-27T00:22:15Z,6582,6582,,,,N64,No
334,1zx3r98z,334,https://www.speedrun.com/sm64/runs/1zx3r98z,2016-06-30T05:36:06Z,6582,6582,48gev4rj,puncayshun,United States,EMU,No
335,y95nxnvz,334,https://www.speedrun.com/sm64/runs/y95nxnvz,2019-08-07T00:39:50Z,6582,6582,98r2y03x,SoloQ,United States,EMU,Yes
336,y8q3d6dy,337,https://www.speedrun.com/sm64/runs/y8q3d6dy,2017-04-05T17:12:43Z,6584,6584,y8dw0vgj,TylerSM74,Canada,N64,Yes
337,zp4o29nz,337,https://www.speedrun.com/sm64/runs/zp4o29nz,2020-01-23T06:32:18Z,6584,6584,y8d4ng86,CarlosDaMan,United States,N64,Yes
338,y97gn22m,339,https://www.speedrun.com/sm64/runs/y97gn22m,2018-03-23T12:38:56Z,6587,6587,,,,N64,Yes
339,ywn5pg9y,339,https://www.speedrun.com/sm64/runs/ywn5pg9y,2024-01-15T02:14:14Z,6587,6587,48goorxp,RetroRuns,England,N64,Yes
340,zng2on9m,339,https://www.speedrun.com/sm64/runs/zng2on9m,2025-07-24T23:54:49Z,6587,6587,7j4q7emx,eleesuh,Germany,N64,Yes
341,m3833p4y,342,https://www.speedrun.com/sm64/runs/m3833p4y,2026-04-10T18:47:06Z,6588,6588,qjn5rg1j,Leupho,France,N64,Yes
342,pydk5nxm,343,https://www.speedrun.com/sm64/runs/pydk5nxm,2017-03-13T09:36:43Z,6589,6589,,,,N64,Yes
343,mrqoq88y,344,https://www.speedrun.com/sm64/runs/mrqoq88y,2017-11-22T00:30:24Z,6592,6592,qjo26208,adaada,,N64,Yes
344,y2g54g5z,345,https://www.speedrun.com/sm64/runs/y2g54g5z,2023-05-26T02:35:49Z,6594,6594,8qz4y5o8,JamesBod,Canada,N64,Yes
345,y9d2xokm,345,https://www.speedrun.com/sm64/runs/y9d2xokm,2024-07-18T23:54:53Z,6594,6594,o86m9k0j,xerint,Canada,N64,Yes
346,y45wkxdm,347,https://www.speedrun.com/sm64/runs/y45wkxdm,2017-07-01T07:16:48Z,6595,6595,e8e6k12j,kumasyatyou,Japan,N64,Yes
347,z03vnr8z,348,https://www.speedrun.com/sm64/runs/z03vnr8z,2019-05-07T22:13:22Z,6596,6596,1xy06qnj,Squirr3I,United States,N64,Yes
348,zq12k31m,349,https://www.speedrun.com/sm64/runs/zq12k31m,2021-06-22T23:59:38Z,6597,6597,dx307r6x,NicV,United States,N64,Yes
349,pzggnnez,350,https://www.speedrun.com/sm64/runs/pzggnnez,2015-09-23T18:27:09Z,6598,6598,,,,N64,No
350,yvv85goy,350,https://www.speedrun.com/sm64/runs/yvv85goy,2023-12-04T05:21:40Z,6598,6598,v81gypl8,realblopez,United States,N64,Yes
351,oy2w45yd,352,https://www.speedrun.com/sm64/runs/oy2w45yd,,6599,6599,,,,N64,Yes
352,7z0q49m5,352,https://www.speedrun.com/sm64/runs/7z0q49m5,2023-09-27T00:17:14Z,6599,6599,xz9k6ye8,Rorotto,Japan,N64,No
353,yl4xdgkm,352,https://www.speedrun.com/sm64/runs/yl4xdgkm,2019-01-29T21:04:36Z,6599,6599,48gyr78p,theorylocked,Palestine,EMU,No
354,mrlql32m,352,https://www.speedrun.com/sm64/runs/mrlql32m,2023-05-03T13:54:18Z,6599,6599,zxz1vorj,Karyno,France,N64,Yes
355,ywn6243y,352,https://www.speedrun.com/sm64/runs/ywn6243y,2023-11-26T22:36:07Z,6599,6599,pj0322mj,Erthide,Québec,VC,Yes
356,m7g8de9m,357,https://www.speedrun.com/sm64/runs/m7g8de9m,2020-05-11T00:15:34Z,6606,6606,qj26nnnx,Marteeny,Japan,N64,Yes
357,ylkox42z,358,https://www.speedrun.com/sm64/runs/ylkox42z,2020-05-13T13:44:21Z,6608,6608,zx75q087,Vincertain,Québec,N64,Yes
358,yo4d1q0m,359,https://www.speedrun.com/sm64/runs/yo4d1q0m,2017-11-21T04:55:14Z,6613,6613,18q3o2oj,dazrin_,Canada,N64,Yes
359,zgwvwj0y,360,https://www.speedrun.com/sm64/runs/zgwvwj0y,2020-05-02T15:01:58Z,6618,6618,dx35qr2j,Jebuskiller,Australia,N64,Yes
360,m7nqqk4z,360,https://www.speedrun.com/sm64/runs/m7nqqk4z,2024-03-02T00:20:07Z,6618,6618,x3w377ej,AbUnderscored,Jordan,EMU,Yes
361,yvnv224m,360,https://www.speedrun.com/sm64/runs/yvnv224m,2025-02-20T21:03:01Z,6618,6618,y8dkzmgj,kmarket,Finland,EMU,Yes
362,zn610kvy,360,https://www.speedrun.com/sm64/runs/zn610kvy,2026-03-25T20:32:16Z,6618,6618,xz0v26e8,TylerKwak,United States,N64,No
363,zgeo7key,364,https://www.speedrun.com/sm64/runs/zgeo7key,2023-07-24T23:07:56Z,6620,6620,8e6qyddj,Salemba,Austria,EMU,Yes
364,znv4dp3m,365,https://www.speedrun.com/sm64/runs/znv4dp3m,2023-05-13T08:17:05Z,6624,6624,j5v799w8,Naraknight,United States,N64,Yes
365,zpv349rz,366,https://www.speedrun.com/sm64/runs/zpv349rz,2026-03-20T23:50:20Z,6626,6626,81qw4wpj,jpufry,United States,N64,No
366,zqpj61xm,367,https://www.speedrun.com/sm64/runs/zqpj61xm,2025-07-12T05:20:24Z,6633,6633,8l33gm28,EmiBella,United States,N64,Yes
367,yljw9oxm,368,https://www.speedrun.com/sm64/runs/yljw9oxm,2025-08-28T02:34:45Z,6636,6636,81qn9n5j,turtlehippo,Canada,N64,Yes
368,zp8lnwvy,369,https://www.speedrun.com/sm64/runs/zp8lnwvy,2021-08-17T09:27:15Z,6640,6640,18v2l4ej,Zombie2,Canada,EMU,Yes
369,y2jojd9z,370,https://www.speedrun.com/sm64/runs/y2jojd9z,2023-04-13T07:05:59Z,6643,6643,jn37ppdx,cookincat,United States,EMU,Yes
370,z5lvrq5y,371,https://www.speedrun.com/sm64/runs/z5lvrq5y,2025-01-23T23:10:31Z,6663,6663,jp6ed5k8,TNewm2215,United States,EMU,Yes
371,yjx27l7z,372,https://www.speedrun.com/sm64/runs/yjx27l7z,2022-02-05T08:04:49Z,6664,6664,8w1wp94x,CheZach,Canada,N64,Yes
372,mk44vevy,373,https://www.speedrun.com/sm64/runs/mk44vevy,2017-05-01T07:16:12Z,6668,6668,18vomvxl,Dublin,United States,N64,Yes
373,mego7o2y,373,https://www.speedrun.com/sm64/runs/mego7o2y,2024-07-28T06:07:36Z,6668,6668,8w1rr94x,sanj,Canada,EMU,Yes
374,zq87xe1z,375,https://www.speedrun.com/sm64/runs/zq87xe1z,2024-04-19T00:13:09Z,6669,6669,0jmn1vnx,Mennismonk,England,N64,Yes
375,z0pponey,376,https://www.speedrun.com/sm64/runs/z0pponey,2022-05-29T20:10:24Z,6674,6674,0jmvr1yj,Lusion,United States,EMU,Yes
376,yv12dd4y,377,https://www.speedrun.com/sm64/runs/yv12dd4y,2021-05-09T20:57:24Z,6675,6675,zxzn5q4x,RWBYSorry,England,EMU,Yes
377,y8qd0nwy,378,https://www.speedrun.com/sm64/runs/y8qd0nwy,2017-08-23T14:46:09Z,6680,6680,qj2367xk,bounceyboy,United States,N64,Yes
378,yvg2nnoy,379,https://www.speedrun.com/sm64/runs/yvg2nnoy,2017-08-08T08:16:53Z,6686,6686,zx72o068,naji,Sri Lanka,N64,Yes
379,zqdnl98m,379,https://www.speedrun.com/sm64/runs/zqdnl98m,2024-01-25T17:48:24Z,6686,6686,zx762vj7,Luco,United States,N64,Yes
380,zg9xdjnm,379,https://www.speedrun.com/sm64/runs/zg9xdjnm,2025-11-03T05:51:58Z,6686,6686,1xyqnov8,unpushplay,United States,N64,Yes
381,m7770l4m,382,https://www.speedrun.com/sm64/runs/m7770l4m,2021-09-02T16:58:38Z,6691,6691,86vwom0j,WaterproofTeabag_,Australia,N64,Yes
382,me0r200z,383,https://www.speedrun.com/sm64/runs/me0r200z,2024-02-11T03:51:39Z,6706,6706,qjnp448m,Vorago,United Kingdom,N64,Yes
383,pyd9wrvz,384,https://www.speedrun.com/sm64/runs/pyd9wrvz,2015-08-23T15:23:29Z,6707,6707,98rp3q6j,joeys64,Netherlands,VC,Yes
384,y8gp5vdz,385,https://www.speedrun.com/sm64/runs/y8gp5vdz,2025-08-03T13:26:28Z,6708,6708,v81100p8,HomerOfSteel,France,EMU,Yes
385,z5pl3jnm,386,https://www.speedrun.com/sm64/runs/z5pl3jnm,2023-07-30T10:48:47Z,6712,6712,8end5g78,SonicGordon6,United States,EMU,Yes
386,yvq528em,387,https://www.speedrun.com/sm64/runs/yvq528em,2022-03-06T07:56:38Z,6713,6713,qjopvonx,ClairDSS,United States,VC,Yes
387,ywq1k82y,388,https://www.speedrun.com/sm64/runs/ywq1k82y,2021-04-14T20:21:44Z,6715,6715,qjoddd3x,Hakasay,United States,N64,Yes
388,7z0vxeoy,389,https://www.speedrun.com/sm64/runs/7z0vxeoy,2017-03-21T08:45:03Z,6716,6716,qj26mlxk,ClysmiC,,N64,Yes
389,z027p19m,390,https://www.speedrun.com/sm64/runs/z027p19m,2026-03-31T04:37:39Z,6717,6717,jn3gwmqx,Roseatia,United Kingdom,EMU,Yes
390,ydl99rqz,391,https://www.speedrun.com/sm64/runs/ydl99rqz,2024-08-07T13:56:43Z,6725,6725,8ek64w68,mAf1sss,Israel,EMU,Yes
391,9meg50y7,392,https://www.speedrun.com/sm64/runs/9meg50y7,,6732,6732,o863r08z,Seanzy,United States,N64,No
392,y9x0922y,393,https://www.speedrun.com/sm64/runs/y9x0922y,2022-08-13T12:42:24Z,6735,6735,zx762vj7,Luco,United States,VC,Yes
393,z0nr589m,394,https://www.speedrun.com/sm64/runs/z0nr589m,2023-01-12T21:55:16Z,6740,6740,jnz2ykqj,ShaDowSPoweR,France,EMU,Yes
394,me76vo3y,395,https://www.speedrun.com/sm64/runs/me76vo3y,2021-05-01T03:19:44Z,6743,6743,y8dz54gj,Maosfx,United States,VC,Yes
395,0zn37r8y,396,https://www.speedrun.com/sm64/runs/0zn37r8y,2015-07-12T16:11:54Z,6745,6745,qjnp448m,Vorago,United Kingdom,EMU,Yes
396,z1lpj5gm,397,https://www.speedrun.com/sm64/runs/z1lpj5gm,2023-06-25T18:24:34Z,6747,6747,8vo90m5x,Nicolascs83,Spain,N64,Yes
397,m73jgewy,398,https://www.speedrun.com/sm64/runs/m73jgewy,2024-01-21T17:22:44Z,6750,6750,j92132o8,AlexKR64,England,N64,Yes
398,m7ogp00y,398,https://www.speedrun.com/sm64/runs/m7ogp00y,2024-07-27T06:35:30Z,6750,6750,8rperewj,nahobox,Scotland,EMU,Yes
399,0y6ge1m7,400,https://www.speedrun.com/sm64/runs/0y6ge1m7,,6757,6757,,,,VC,Yes
400,ylqn05kz,401,https://www.speedrun.com/sm64/runs/ylqn05kz,2021-06-03T18:50:23Z,6758,6758,kj90nrj4,Kyrette,United States,VC,Yes
401,9yoxg0yx,402,https://www.speedrun.com/sm64/runs/9yoxg0yx,,6760,6760,,,,N64,No
402,wzpx1rnm,403,https://www.speedrun.com/sm64/runs/wzpx1rnm,2016-09-16T21:44:18Z,6765,6765,48g03yxp,wilzo,United Kingdom,N64,Yes
403,z06q834z,403,https://www.speedrun.com/sm64/runs/z06q834z,2021-03-13T00:17:34Z,6765,6765,pj0l653j,FailmanFlo,Germany,VC,Yes
404,m3d8no6z,405,https://www.speedrun.com/sm64/runs/m3d8no6z,2018-03-23T12:45:48Z,6766,6766,,,,N64,Yes
405,zggd20jz,405,https://www.speedrun.com/sm64/runs/zggd20jz,2021-05-22T04:52:52Z,6766,6766,qjo1ovnx,FireGoesFast,Australia,N64,Yes
406,y8lq6pxm,405,https://www.speedrun.com/sm64/runs/y8lq6pxm,2026-02-24T22:18:37Z,6766,6766,8dw9eqmj,Logaaaaan64,Australia,N64,Yes
407,zng4p37m,408,https://www.speedrun.com/sm64/runs/zng4p37m,2025-05-04T08:21:55Z,6767,6767,863d55q8,Tsuyo0112,Japan,N64,Yes
408,zxw7kl5m,409,https://www.speedrun.com/sm64/runs/zxw7kl5m,2023-11-15T03:00:10Z,6770,6770,zx7gw1rx,Invisible_hole,United States,N64,Yes
409,mkr19olz,410,https://www.speedrun.com/sm64/runs/mkr19olz,2026-01-04T23:26:26Z,6773,6773,jn9qe22x,Famin,United States,EMU,Yes
410,y8d8eowz,411,https://www.speedrun.com/sm64/runs/y8d8eowz,2021-05-26T05:24:00Z,6776,6776,8ge9k0rj,ryompt,United States,EMU,Yes
411,zqqv7oxz,412,https://www.speedrun.com/sm64/runs/zqqv7oxz,2024-08-19T07:16:47Z,6777,6777,jmor1yo8,hector,,N64,Yes
412,z110elwz,413,https://www.speedrun.com/sm64/runs/z110elwz,2019-03-29T17:27:30Z,6778,6778,y8d4dk58,SomeBro,United States,EMU,Yes
413,m7j896wm,413,https://www.speedrun.com/sm64/runs/m7j896wm,2026-03-20T15:51:02Z,6778,6778,x7q70yq8,JahRidin,Switzerland,EMU,Yes
414,8y8op5m1,415,https://www.speedrun.com/sm64/runs/8y8op5m1,2025-03-01T14:58:23Z,6779,6779,48gr9rpx,sicko,England,VC,No
415,mrqw484y,416,https://www.speedrun.com/sm64/runs/mrqw484y,2018-03-23T12:44:16Z,6780,6780,7j4qr2mx,marshmallow.,Japan,N64,Yes
416,mkwj7gxm,416,https://www.speedrun.com/sm64/runs/mkwj7gxm,2025-09-13T00:44:06Z,6780,6780,7j4rz5m8,TheBarinade,Australia,N64,Yes
417,y9nqw1kz,418,https://www.speedrun.com/sm64/runs/y9nqw1kz,2021-04-01T08:34:31Z,6790,6790,zxzzzrxq,Moose,United States,N64,Yes
418,ywrkn90m,419,https://www.speedrun.com/sm64/runs/ywrkn90m,2023-06-17T13:10:34Z,6791,6791,48g7gd18,jepega,Netherlands,N64,Yes
419,y4gvkeny,420,https://www.speedrun.com/sm64/runs/y4gvkeny,2023-04-01T10:58:28Z,6798,6798,pj0eny48,scoagogo,Northern Ireland,EMU,Yes
420,y4keq4dm,421,https://www.speedrun.com/sm64/runs/y4keq4dm,2023-10-10T07:36:01Z,6799,6799,v8l0ogl8,Galaxtic,Sweden,EMU,Yes
421,0y6l5x0y,422,https://www.speedrun.com/sm64/runs/0y6l5x0y,2015-03-23T04:38:39Z,6804,6804,y8dgeo86,mitcho,Australia,N64,Yes
422,pm3qd2dy,423,https://www.speedrun.com/sm64/runs/pm3qd2dy,2016-06-01T03:23:55Z,6805,6805,qjn9dwxm,360Chrism,Germany,VC,No
423,yl69o0xy,424,https://www.speedrun.com/sm64/runs/yl69o0xy,2023-05-01T07:01:13Z,6808,6808,8g5egl1j,Rayydex,Germany,EMU,Yes
424,8yvpn88y,425,https://www.speedrun.com/sm64/runs/8yvpn88y,2016-06-25T12:35:34Z,6809,6809,98r2l63x,MrSpeedrun,Germany,EMU,Yes
425,nz13vprm,426,https://www.speedrun.com/sm64/runs/nz13vprm,2015-01-16T04:10:32Z,6811,6811,0jmpgoj1,Audraxys,Canada,VC,Yes
426,y26d3ewm,427,https://www.speedrun.com/sm64/runs/y26d3ewm,2026-03-14T18:06:59Z,6813,6813,jm3vwne8,ninfisgoat,Germany,N64,Yes
427,zg1wjknz,428,https://www.speedrun.com/sm64/runs/zg1wjknz,2026-03-12T17:23:40Z,6815,6815,1xy9r4yj,Mapiz,Italy,N64,Yes
428,pydlxvzn,429,https://www.speedrun.com/sm64/runs/pydlxvzn,,6817,6817,8l00pll8,Gombill,United States,N64,Yes
429,pzgj4ez2,430,https://www.speedrun.com/sm64/runs/pzgj4ez2,,6818,6818,v8lgq7jm,datimeloss,Canada,EMU,Yes
430,zxjr47ky,430,https://www.speedrun.com/sm64/runs/zxjr47ky,2025-04-01T02:11:08Z,6818,6818,zxzqrw4x,cdragoneer,United States,N64,Yes
431,zqq6n9xz,432,https://www.speedrun.com/sm64/runs/zqq6n9xz,2024-07-15T20:56:07Z,6820,6820,8vo9o92x,Carlos64,Spain,EMU,Yes
432,m3705x6z,433,https://www.speedrun.com/sm64/runs/m3705x6z,2021-10-09T03:20:45Z,6826,6826,8gr1ld7x,kdogk,United States,EMU,Yes
433,9yolve0y,434,https://www.speedrun.com/sm64/runs/9yolve0y,2016-04-21T13:32:55Z,6827,6827,18vyq58l,Haru様,Germany,N64,Yes
434,kz52wk5z,435,https://www.speedrun.com/sm64/runs/kz52wk5z,2016-02-29T23:11:10Z,6828,6828,o864qpjz,JazzyChoi1991,England,N64,Yes
435,z07g06ey,435,https://www.speedrun.com/sm64/runs/z07g06ey,2021-11-22T17:14:53Z,6828,6828,8gee7n7j,LxqZach,Germany,N64,Yes
436,ydv57xxy,435,https://www.speedrun.com/sm64/runs/ydv57xxy,2024-12-29T23:51:46Z,6828,6828,8l05yv48,zGamuT,United States,EMU,Yes
437,y6vp241m,438,https://www.speedrun.com/sm64/runs/y6vp241m,2024-02-26T23:37:21Z,6831,6831,8eeeov68,kronkerlife,Norway,EMU,Yes
438,m3j1e4gz,439,https://www.speedrun.com/sm64/runs/m3j1e4gz,2024-07-26T16:45:17Z,6834,6834,j4q7oqwx,Freelatas,Spain,EMU,Yes
439,mkg97kvy,440,https://www.speedrun.com/sm64/runs/mkg97kvy,2021-04-18T17:29:24Z,6837,6837,98rv2rdj,Perna64,United States,N64,Yes
440,zxw15k8m,440,https://www.speedrun.com/sm64/runs/zxw15k8m,2024-02-05T03:18:16Z,6837,6837,y8dwq59j,zg53,United States,N64,Yes
441,m7jg449m,442,https://www.speedrun.com/sm64/runs/m7jg449m,2026-03-13T21:48:46Z,6840,6840,18q652oj,Poke,United States,N64,Yes
442,mrvv6lgz,443,https://www.speedrun.com/sm64/runs/mrvv6lgz,2024-05-14T23:54:36Z,6843,6843,xkoo67k8,RisingPhoenix64,Slovakia,EMU,Yes
443,zn9evply,444,https://www.speedrun.com/sm64/runs/zn9evply,2025-02-22T12:22:25Z,6848,6848,qxkpnmj0,Niniste,France,EMU,Yes
444,9mr9orgm,445,https://www.speedrun.com/sm64/runs/9mr9orgm,2015-07-17T15:38:19Z,6849,6849,zx73kqj7,Skaredogged97,Switzerland,EMU,Yes
445,9menr0m7,446,https://www.speedrun.com/sm64/runs/9menr0m7,,6854,6854,y8dwdegj,hellool,United States,EMU,No
446,yj32vroz,447,https://www.speedrun.com/sm64/runs/yj32vroz,2019-11-25T02:52:15Z,6855,6855,qjopvonx,ClairDSS,United States,N64,Yes
447,8m7o44y0,448,https://www.speedrun.com/sm64/runs/8m7o44y0,,6859,6859,,,,N64,No
448,y2g2ke6z,449,https://www.speedrun.com/sm64/runs/y2g2ke6z,2023-07-22T16:28:34Z,6860,6860,86vp263j,OdieB,Canada,N64,Yes
449,y23pej7m,450,https://www.speedrun.com/sm64/runs/y23pej7m,2017-10-23T03:43:21Z,6862,6862,qjooqd0j,SmashBrawler64,United States,N64,Yes
450,yl29jlrz,451,https://www.speedrun.com/sm64/runs/yl29jlrz,2026-02-26T05:09:08Z,6865,6865,8vrlwknx,Baladron11,Chile,EMU,Yes
451,yv2ejw8m,452,https://www.speedrun.com/sm64/runs/yv2ejw8m,2021-03-25T20:25:09Z,6868,6868,7j420lwx,Progji,Germany,N64,Yes
452,yodj5r0m,453,https://www.speedrun.com/sm64/runs/yodj5r0m,2022-08-11T12:37:22Z,6872,6872,x353emej,Bernhard,Germany,N64,Yes
453,z5r303gy,454,https://www.speedrun.com/sm64/runs/z5r303gy,2021-05-02T03:00:28Z,6873,6873,86v9945j,Tit0MEX_64,Mexico,VC,Yes
454,8yvxdozo,455,https://www.speedrun.com/sm64/runs/8yvxdozo,,6875,6875,,,,N64,No
455,z0q96d4m,456,https://www.speedrun.com/sm64/runs/z0q96d4m,2024-08-02T04:26:27Z,6876,6876,j067dn4j,mamamiamoto,United States,N64,Yes
456,zpw90pvy,457,https://www.speedrun.com/sm64/runs/zpw90pvy,2023-06-25T15:33:46Z,6878,6878,8rpq26dj,Midbro_,United States,VC,Yes
457,yd2j18qm,458,https://www.speedrun.com/sm64/runs/yd2j18qm,2023-12-10T02:41:23Z,6881,6881,o86z710x,zekeSSB,United States,N64,Yes
458,mk09q13z,459,https://www.speedrun.com/sm64/runs/mk09q13z,2023-05-10T14:45:05Z,6882,6882,o86owz08,D3m0nf4ng,Germany,EMU,Yes
459,1zxxrezx,460,https://www.speedrun.com/sm64/runs/1zxxrezx,,6886,6886,,,,N64,Yes
460,znxrorvy,460,https://www.speedrun.com/sm64/runs/znxrorvy,2024-07-22T19:50:22Z,6886,6886,8w1wng4x,moltres93,United States,N64,Yes
461,yvon9e4z,462,https://www.speedrun.com/sm64/runs/yvon9e4z,2021-10-21T16:51:42Z,6891,6891,7j4mzd5j,Thomkar,Norway,EMU,Yes
462,9melnl2z,463,https://www.speedrun.com/sm64/runs/9melnl2z,2016-06-25T14:46:42Z,6896,6896,,,,VC,Yes
463,y6v5j06m,464,https://www.speedrun.com/sm64/runs/y6v5j06m,2024-03-11T15:36:33Z,6899,6899,8r2qg93x,boomeraang,,N64,Yes
464,9yod935m,465,https://www.speedrun.com/sm64/runs/9yod935m,2016-03-20T18:53:06Z,6900,6900,,,,N64,No
465,zq6ogg8y,465,https://www.speedrun.com/sm64/runs/zq6ogg8y,2018-04-06T20:15:52Z,6900,6900,qjnzw04j,disrespectless,Germany,N64,Yes
466,zqdq805m,467,https://www.speedrun.com/sm64/runs/zqdq805m,2023-12-31T09:48:17Z,6902,6902,1xy9r4yj,Mapiz,Italy,EMU,Yes
467,me1rrn0y,468,https://www.speedrun.com/sm64/runs/me1rrn0y,2022-11-26T10:44:08Z,6906,6906,jo35yn7j,Luisito,Mexico,VC,Yes
468,y2gxx47z,468,https://www.speedrun.com/sm64/runs/y2gxx47z,2023-06-10T02:59:53Z,6906,6906,pj0z4m98,Expreli,United States,VC,Yes
469,9yoq10zx,470,https://www.speedrun.com/sm64/runs/9yoq10zx,,6908,6908,,,,EMU,No
470,zxp20xey,470,https://www.speedrun.com/sm64/runs/zxp20xey,2026-03-13T01:02:44Z,6908,6908,8dwe65mj,Wookis,United States,EMU,Yes
471,z5807odz,472,https://www.speedrun.com/sm64/runs/z5807odz,2024-03-19T22:25:57Z,6910,6910,8wl1094j,CAKEbetty,United States,VC,No
472,yojr8g0m,473,https://www.speedrun.com/sm64/runs/yojr8g0m,2019-09-24T07:27:44Z,6914,6914,18qrd50j,wermi,Poland,EMU,Yes
473,zxx2jvqz,473,https://www.speedrun.com/sm64/runs/zxx2jvqz,2024-07-30T04:40:03Z,6914,6914,xyovd1nj,Henoty,France,EMU,Yes
474,yve2k78m,473,https://www.speedrun.com/sm64/runs/yve2k78m,2026-03-23T15:30:54Z,6914,6914,8ee7pqp8,JimmyBob,European Union,EMU,Yes
475,zx082vgz,476,https://www.speedrun.com/sm64/runs/zx082vgz,2025-06-30T15:08:04Z,6915,6915,v8lyv4jm,MarvJungs,Germany,EMU,Yes
476,8m7er4z0,477,https://www.speedrun.com/sm64/runs/8m7er4z0,,6919,6919,qjoyg3x6,Lluuccuuss,England,N64,Yes
477,yojp320m,478,https://www.speedrun.com/sm64/runs/yojp320m,2019-09-29T20:29:29Z,6924,6924,qxkm4m6j,Galax,Switzerland,EMU,Yes
478,m7oxnl0y,478,https://www.speedrun.com/sm64/runs/m7oxnl0y,2024-09-06T01:25:48Z,6924,6924,jnp1zz18,Flareon1693,Austria,VC,Yes
479,z08kn94m,480,https://www.speedrun.com/sm64/runs/z08kn94m,2025-03-23T05:25:29Z,6926,6926,8looznr8,highfructoseCS,Canada,EMU,Yes
480,8y8p7dz1,481,https://www.speedrun.com/sm64/runs/8y8p7dz1,,6934,6934,kjpk4kxq,moodehh,United Kingdom,N64,No
481,pm3jpdz0,482,https://www.speedrun.com/sm64/runs/pm3jpdz0,,6938,6938,v8lez14x,TheDarkmanWs,Sweden,N64,No
482,z5w62qdz,483,https://www.speedrun.com/sm64/runs/z5w62qdz,2025-08-18T06:01:09Z,6940,6940,8lp3k07j,ItsMalex,Italy,EMU,Yes
483,m3230pwy,483,https://www.speedrun.com/sm64/runs/m3230pwy,2025-12-01T04:00:16Z,6940,6940,j0w19ym8,DeadGuyDrives,United States,N64,Yes
484,z16evv7m,485,https://www.speedrun.com/sm64/runs/z16evv7m,2025-09-08T01:13:12Z,6942,6942,j5q6q5gj,Twig64,United States,EMU,Yes
485,dy4ld3zl,486,https://www.speedrun.com/sm64/runs/dy4ld3zl,,6946,6946,o866w58z,Xiah,Japan,N64,No
486,z06nw7jz,487,https://www.speedrun.com/sm64/runs/z06nw7jz,2021-02-23T13:38:40Z,6947,6947,qjn2mw1j,Toadfan5,United States,N64,Yes
487,ydl37rwz,488,https://www.speedrun.com/sm64/runs/ydl37rwz,2024-07-21T07:15:49Z,6948,6948,j51r39z8,P_Luizon,Mexico,EMU,Yes
488,zqp77xrm,489,https://www.speedrun.com/sm64/runs/zqp77xrm,2025-06-26T01:57:38Z,6951,6951,98r6vmg8,Nintendude64,United States,VC,Yes
489,y6jkxj0m,490,https://www.speedrun.com/sm64/runs/y6jkxj0m,2025-09-14T16:57:09Z,6955,6955,x7qoekq8,lostinspeedruns,Italy,EMU,Yes
490,zx7871gy,491,https://www.speedrun.com/sm64/runs/zx7871gy,2022-06-04T05:36:20Z,6958,6958,qxkovr28,zach,United States,N64,Yes
491,y8lvx75m,491,https://www.speedrun.com/sm64/runs/y8lvx75m,2026-03-21T17:23:12Z,6958,6958,8l4vq1lj,Step735,Italy,EMU,Yes
492,pydvkvyn,493,https://www.speedrun.com/sm64/runs/pydvkvyn,,6959,6959,qj26mlxk,ClysmiC,,EMU,No
493,zq63vjry,494,https://www.speedrun.com/sm64/runs/zq63vjry,2017-05-18T18:53:26Z,6960,6960,pj0pe9xw,goodtime07,United States,N64,No
494,zxx9r68z,494,https://www.speedrun.com/sm64/runs/zxx9r68z,2024-07-10T20:10:29Z,6960,6960,jo3w720j,JumboJolt,Antarctica,EMU,Yes
495,z078go4y,496,https://www.speedrun.com/sm64/runs/z078go4y,2021-10-25T22:00:11Z,6961,6961,18vkpmej,Menstilo,Germany,N64,Yes
496,zx36gx5z,497,https://www.speedrun.com/sm64/runs/zx36gx5z,2023-06-03T22:07:26Z,6962,6962,x76047vj,Phoenix_64_USA,United States,VC,Yes
497,zg98jvjm,498,https://www.speedrun.com/sm64/runs/zg98jvjm,2025-12-28T11:55:25Z,6966,6966,j2yqgyo8,BLJugglerr,England,N64,Yes
498,zpp44jvz,499,https://www.speedrun.com/sm64/runs/zpp44jvz,2023-09-25T04:07:44Z,6969,6969,j03np23j,w0nderbean,United States,N64,Yes
499,y8w0kp5y,499,https://www.speedrun.com/sm64/runs/y8w0kp5y,2024-04-28T23:59:20Z,6969,6969,8vk60z5j,Falling_Tacos,United States,N64,Yes
